{
  "accuracy": [
    0.20674602687358856,
    0.2690476179122925,
    0.2825396955013275,
    0.3341269791126251,
    0.37142857909202576,
    0.42619046568870544,
    0.45674604177474976,
    0.504365086555481,
    0.538095235824585,
    0.5702381134033203,
    0.6059523820877075,
    0.6238095164299011,
    0.6380952596664429,
    0.6619047522544861,
    0.6559523940086365,
    0.7011904716491699,
    0.708730161190033,
    0.7202380895614624,
    0.7186508178710938,
    0.7416666746139526,
    0.7496031522750854,
    0.761904776096344,
    0.7753968238830566,
    0.7845237851142883,
    0.788095235824585,
    0.8019841313362122,
    0.807539701461792,
    0.8115079402923584,
    0.803174614906311,
    0.8115079402923584,
    0.8142856955528259,
    0.8055555820465088,
    0.8154761791229248,
    0.8166666626930237,
    0.8325396776199341,
    0.8194444179534912,
    0.8376984000205994,
    0.8460317254066467,
    0.8380952477455139,
    0.8543650507926941,
    0.8503968119621277,
    0.8571428656578064,
    0.8623015880584717,
    0.8539682626724243,
    0.8547618985176086,
    0.8670634627342224,
    0.8611111044883728,
    0.8583333492279053,
    0.8781746029853821,
    0.8571428656578064,
    0.8765873312950134,
    0.867460310459137,
    0.867460310459137,
    0.8710317611694336,
    0.8797619342803955,
    0.8753968477249146,
    0.8698412775993347,
    0.8726190328598022,
    0.8765873312950134,
    0.8797619342803955,
    0.875,
    0.8730158805847168,
    0.8841269612312317,
    0.8880952596664429,
    0.882539689540863,
    0.8849206566810608,
    0.886904776096344,
    0.8781746029853821,
    0.8841269612312317,
    0.8873015642166138,
    0.8853174448013306,
    0.8837301731109619
  ],
  "loss": [
    2.1749966144561768,
    1.877256155014038,
    1.766096591949463,
    1.6456243991851807,
    1.5473744869232178,
    1.4596197605133057,
    1.3763582706451416,
    1.2969813346862793,
    1.209380030632019,
    1.1520692110061646,
    1.0848475694656372,
    1.0208995342254639,
    0.9834384322166443,
    0.9628207683563232,
    0.9317389726638794,
    0.8415504097938538,
    0.8233134746551514,
    0.7919390797615051,
    0.781083345413208,
    0.7467907071113586,
    0.706179678440094,
    0.6874323487281799,
    0.6461678743362427,
    0.6287876963615417,
    0.5989116430282593,
    0.5963594317436218,
    0.5901690721511841,
    0.5732876062393188,
    0.5759931206703186,
    0.550439715385437,
    0.5492116808891296,
    0.5590371489524841,
    0.5427061319351196,
    0.5443935990333557,
    0.5121737718582153,
    0.5284748673439026,
    0.4994158148765564,
    0.47562313079833984,
    0.4772960841655731,
    0.44950324296951294,
    0.4435947835445404,
    0.4541138708591461,
    0.45187100768089294,
    0.4386303722858429,
    0.43579721450805664,
    0.42092618346214294,
    0.4280545115470886,
    0.4346682131290436,
    0.3995518982410431,
    0.41454681754112244,
    0.3937623202800751,
    0.4167904257774353,
    0.4001104533672333,
    0.39383772015571594,
    0.38354507088661194,
    0.38562148809432983,
    0.40536096692085266,
    0.37688684463500977,
    0.3806813061237335,
    0.3730440139770508,
    0.39187732338905334,
    0.36804696917533875,
    0.3569851219654083,
    0.3472270369529724,
    0.3674892783164978,
    0.3635860085487366,
    0.35874778032302856,
    0.36017537117004395,
    0.3595060408115387,
    0.3539464771747589,
    0.3566395044326782,
    0.35462334752082825
  ],
  "val_accuracy": [
    0.1617647111415863,
    0.1985294073820114,
    0.3602941036224365,
    0.22058823704719543,
    0.27941176295280457,
    0.23529411852359772,
    0.2720588147640228,
    0.4264705777168274,
    0.3014705777168274,
    0.30882352590560913,
    0.34558823704719543,
    0.5514705777168274,
    0.5441176295280457,
    0.3382352888584137,
    0.5661764740943909,
    0.30882352590560913,
    0.19117647409439087,
    0.4264705777168274,
    0.43382352590560913,
    0.49264705181121826,
    0.5367646813392639,
    0.40441176295280457,
    0.3529411852359772,
    0.6691176295280457,
    0.5514705777168274,
    0.5661764740943909,
    0.6617646813392639,
    0.6176470518112183,
    0.4117647111415863,
    0.49264705181121826,
    0.7867646813392639,
    0.6691176295280457,
    0.654411792755127,
    0.7426470518112183,
    0.595588207244873,
    0.7941176295280457,
    0.5367646813392639,
    0.7573529481887817,
    0.7426470518112183,
    0.5661764740943909,
    0.7426470518112183,
    0.6470588445663452,
    0.625,
    0.6397058963775635,
    0.779411792755127,
    0.6397058963775635,
    0.8235294222831726,
    0.6838235259056091,
    0.5735294222831726,
    0.654411792755127,
    0.6985294222831726,
    0.875,
    0.75,
    0.8676470518112183,
    0.7058823704719543,
    0.7426470518112183,
    0.44117647409439087,
    0.7720588445663452,
    0.8161764740943909,
    0.720588207244873,
    0.8602941036224365,
    0.6397058963775635,
    0.720588207244873,
    0.7573529481887817,
    0.779411792755127,
    0.8014705777168274,
    0.7720588445663452,
    0.7867646813392639,
    0.8014705777168274,
    0.7867646813392639,
    0.7426470518112183,
    0.8088235259056091
  ],
  "val_loss": [
    1.9151901006698608,
    1.9071563482284546,
    1.7060762643814087,
    1.8619166612625122,
    1.6029812097549438,
    2.0461277961730957,
    1.8948066234588623,
    2.438391923904419,
    4.140986919403076,
    3.0605924129486084,
    2.814713716506958,
    1.5530451536178589,
    1.5242468118667603,
    2.8699662685394287,
    1.483079195022583,
    2.688905954360962,
    3.1847870349884033,
    3.0320663452148438,
    3.4753193855285645,
    2.3719100952148438,
    1.8020473718643188,
    2.7514755725860596,
    3.312767744064331,
    0.9436455965042114,
    1.8725614547729492,
    1.1956720352172852,
    1.1812399625778198,
    1.5366548299789429,
    2.602944850921631,
    2.135072708129883,
    0.5670095682144165,
    1.2433383464813232,
    1.078926920890808,
    0.9219821691513062,
    1.315075159072876,
    0.663776159286499,
    1.7662843465805054,
    0.7874589562416077,
    0.8782978057861328,
    1.747979760169983,
    0.9764220118522644,
    0.9948525428771973,
    1.2787710428237915,
    1.1811134815216064,
    0.5232670903205872,
    1.3035532236099243,
    0.6262682676315308,
    1.0932193994522095,
    1.2058466672897339,
    1.2251509428024292,
    1.0670057535171509,
    0.31959789991378784,
    1.0603643655776978,
    0.3303215503692627,
    1.3481616973876953,
    0.9712931513786316,
    2.4238805770874023,
    0.7676247358322144,
    0.605828046798706,
    0.9151785969734192,
    0.46964821219444275,
    1.0516880750656128,
    0.8547114729881287,
    0.7688409686088562,
    0.6995581388473511,
    0.7589423060417175,
    0.7191400527954102,
    0.7285350561141968,
    0.654809296131134,
    0.8036763072013855,
    0.9078911542892456,
    0.6351580619812012
  ],