{
  "elapsed_seconds": 1262.0455849170685,
  "epochs_run": 74,
  "best_checkpoint": "/Users/erickrivas/Documents/finalia/ProyectoFinal_IA/models/cnn_voz_base.keras",
  "splits": {
    "train": {
      "split": "train",
      "n": 2632,
      "accuracy": 0.8043313069908815,
      "per_class": {
        "APAGA": {
          "precision": 0.9907834101382489,
          "recall": 0.5321782178217822,
          "f1": 0.6924315619967794,
          "support": 404
        },
        "CERRADURA": {
          "precision": 0.7264150943396226,
          "recall": 0.9529702970297029,
          "f1": 0.8244111349036403,
          "support": 404
        },
        "ENCIENDE": {
          "precision": 0.8270833333333333,
          "recall": 0.9925,
          "f1": 0.9022727272727272,
          "support": 400
        },
        "LUZ": {
          "precision": 0.9971751412429378,
          "recall": 0.8825,
          "f1": 0.9363395225464191,
          "support": 400
        },
        "PANEL": {
          "precision": 1.0,
          "recall": 0.41,
          "f1": 0.5815602836879432,
          "support": 400
        },
        "RUIDO": {
          "precision": 0.4702127659574468,
          "recall": 0.9866071428571429,
          "f1": 0.6368876080691642,
          "support": 224
        },
        "VENTILADOR": {
          "precision": 0.9160671462829736,
          "recall": 0.955,
          "f1": 0.9351285189718482,
          "support": 400
        }
      },
      "report": {
        "APAGA": {
          "precision": 0.9907834101382489,
          "recall": 0.5321782178217822,
          "f1-score": 0.6924315619967794,
          "support": 404.0
        },
        "CERRADURA": {
          "precision": 0.7264150943396226,
          "recall": 0.9529702970297029,
          "f1-score": 0.8244111349036403,
          "support": 404.0
        },
        "ENCIENDE": {
          "precision": 0.8270833333333333,
          "recall": 0.9925,
          "f1-score": 0.9022727272727272,
          "support": 400.0
        },
        "LUZ": {
          "precision": 0.9971751412429378,
          "recall": 0.8825,
          "f1-score": 0.9363395225464191,
          "support": 400.0
        },
        "PANEL": {
          "precision": 1.0,
          "recall": 0.41,
          "f1-score": 0.5815602836879432,
          "support": 400.0
        },
        "RUIDO": {
          "precision": 0.4702127659574468,
          "recall": 0.9866071428571429,
          "f1-score": 0.6368876080691642,
          "support": 224.0
        },
        "VENTILADOR": {
          "precision": 0.9160671462829736,
          "recall": 0.955,
          "f1-score": 0.9351285189718482,
          "support": 400.0
        },
        "accuracy": 0.8043313069908815,
        "macro avg": {
          "precision": 0.8468195558992233,
          "recall": 0.8159650939583755,
          "f1-score": 0.7870044796355031,
          "support": 2632.0
        },
        "weighted avg": {
          "precision": 0.8720387932094322,
          "recall": 0.8043313069908815,
          "f1-score": 0.7969558110740264,
          "support": 2632.0
        }
      },
      "confusion_matrix": [
        [
          215,
          103,
          0,
          1,
          0,
          82,
          3
        ],
        [
          0,
          385,
          5,
          0,
          0,
          3,
          11
        ],
        [
          0,
          1,
          397,
          0,
          0,
          1,
          1
        ],
        [
          0,
          7,
          16,
          353,
          0,
          19,
          5
        ],
        [
          2,
          20,
          55,
          0,
          164,
          144,
          15
        ],
        [
          0,
          2,
          1,
          0,
          0,
          221,
          0
        ],
        [
          0,
          12,
          6,
          0,
          0,
          0,
          382
        ]
      ]
    },
    "val": {
      "split": "val",
      "n": 142,
      "accuracy": 0.7746478873239436,
      "per_class": {
        "APAGA": {
          "precision": 0.9090909090909091,
          "recall": 0.47619047619047616,
          "f1": 0.625,
          "support": 21
        },
        "CERRADURA": {
          "precision": 0.6451612903225806,
          "recall": 0.9523809523809523,
          "f1": 0.7692307692307693,
          "support": 21
        },
        "ENCIENDE": {
          "precision": 0.9565217391304348,
          "recall": 1.0,
          "f1": 0.9777777777777777,
          "support": 22
        },
        "LUZ": {
          "precision": 1.0,
          "recall": 0.9090909090909091,
          "f1": 0.9523809523809523,
          "support": 22
        },
        "PANEL": {
          "precision": 1.0,
          "recall": 0.36363636363636365,
          "f1": 0.5333333333333333,
          "support": 22
        },
        "RUIDO": {
          "precision": 0.391304347826087,
          "recall": 0.75,
          "f1": 0.5142857142857142,
          "support": 12
        },
        "VENTILADOR": {
          "precision": 0.8076923076923077,
          "recall": 0.9545454545454546,
          "f1": 0.875,
          "support": 22
        }
      },
      "report": {
        "APAGA": {
          "precision": 0.9090909090909091,
          "recall": 0.47619047619047616,
          "f1-score": 0.625,
          "support": 21.0
        },
        "CERRADURA": {
          "precision": 0.6451612903225806,
          "recall": 0.9523809523809523,
          "f1-score": 0.7692307692307693,
          "support": 21.0
        },
        "ENCIENDE": {
          "precision": 0.9565217391304348,
          "recall": 1.0,
          "f1-score": 0.9777777777777777,
          "support": 22.0
        },
        "LUZ": {
          "precision": 1.0,
          "recall": 0.9090909090909091,
          "f1-score": 0.9523809523809523,
          "support": 22.0
        },
        "PANEL": {
          "precision": 1.0,
          "recall": 0.36363636363636365,
          "f1-score": 0.5333333333333333,
          "support": 22.0
        },
        "RUIDO": {
          "precision": 0.391304347826087,
          "recall": 0.75,
          "f1-score": 0.5142857142857142,
          "support": 12.0
        },
        "VENTILADOR": {
          "precision": 0.8076923076923077,
          "recall": 0.9545454545454546,
          "f1-score": 0.875,
          "support": 22.0
        },
        "accuracy": 0.7746478873239436,
        "macro avg": {
          "precision": 0.8156815134374742,
          "recall": 0.7722634508348794,
          "f1-score": 0.7495726495726496,
          "support": 142.0
        },
        "weighted avg": {
          "precision": 0.8461102633218075,
          "recall": 0.7746478873239436,
          "f1-score": 0.7668809867753529,
          "support": 142.0
        }
      },
      "confusion_matrix": [
        [
          10,
          6,
          0,
          0,
          0,
          5,
          0
        ],
        [
          0,
          20,
          0,
          0,
          0,
          0,
          1
        ],
        [
          0,
          0,
          22,
          0,
          0,
          0,
          0
        ],
        [
          0,
          0,
          0,
          20,
          0,
          1,
          1
        ],
        [
          0,
          2,
          1,
          0,
          8,
          8,
          3
        ],
        [
          1,
          2,
          0,
          0,
          0,
          9,
          0
        ],
        [
          0,
          1,
          0,
          0,
          0,
          0,
          21
        ]
      ]
    },
    "test": {
      "split": "test",
      "n": 142,
      "accuracy": 0.8169014084507042,
      "per_class": {
        "APAGA": {
          "precision": 1.0,
          "recall": 0.6190476190476191,
          "f1": 0.7647058823529411,
          "support": 21
        },