{
  "elapsed_seconds": 13359.98310828209,
  "epochs_run": 72,
  "best_checkpoint": "C:\\Landivar\\semestre7\\Inteligencia artificial\\ProyectoFinal_IA\\models\\cnn_voz_base.keras",
  "splits": {
    "train": {
      "split": "train",
      "n": 2520,
      "accuracy": 0.9285714285714286,
      "per_class": {
        "APAGA": {
          "precision": 0.969309462915601,
          "recall": 0.9381188118811881,
          "f1": 0.9534591194968554,
          "support": 404
        },
        "CERRADURA": {
          "precision": 0.9223529411764706,
          "recall": 0.9702970297029703,
          "f1": 0.9457177322074789,
          "support": 404
        },
        "ENCIENDE": {
          "precision": 0.8142857142857143,
          "recall": 0.9975,
          "f1": 0.8966292134831461,
          "support": 400
        },
        "LUZ": {
          "precision": 0.9302325581395349,
          "recall": 1.0,
          "f1": 0.963855421686747,
          "support": 400
        },
        "PANEL": {
          "precision": 1.0,
          "recall": 0.7825,
          "f1": 0.8779803646563815,
          "support": 400
        },
        "RUIDO": {
          "precision": 0.9166666666666666,
          "recall": 0.9821428571428571,
          "f1": 0.9482758620689655,
          "support": 112
        },
        "VENTILADOR": {
          "precision": 0.9886039886039886,
          "recall": 0.8675,
          "f1": 0.9241011984021305,
          "support": 400
        }
      },
      "report": {
        "APAGA": {
          "precision": 0.969309462915601,
          "recall": 0.9381188118811881,
          "f1-score": 0.9534591194968554,
          "support": 404.0
        },
        "CERRADURA": {
          "precision": 0.9223529411764706,
          "recall": 0.9702970297029703,
          "f1-score": 0.9457177322074789,
          "support": 404.0
        },
        "ENCIENDE": {
          "precision": 0.8142857142857143,
          "recall": 0.9975,
          "f1-score": 0.8966292134831461,
          "support": 400.0
        },
        "LUZ": {
          "precision": 0.9302325581395349,
          "recall": 1.0,
          "f1-score": 0.963855421686747,
          "support": 400.0
        },
        "PANEL": {
          "precision": 1.0,
          "recall": 0.7825,
          "f1-score": 0.8779803646563815,
          "support": 400.0
        },
        "RUIDO": {
          "precision": 0.9166666666666666,
          "recall": 0.9821428571428571,
          "f1-score": 0.9482758620689655,
          "support": 112.0
        },
        "VENTILADOR": {
          "precision": 0.9886039886039886,
          "recall": 0.8675,
          "f1-score": 0.9241011984021305,
          "support": 400.0
        },
        "accuracy": 0.9285714285714286,
        "macro avg": {
          "precision": 0.9344930473982823,
          "recall": 0.9340083855324306,
          "f1-score": 0.9300027017145293,
          "support": 2520.0
        },
        "weighted avg": {
          "precision": 0.936566342195063,
          "recall": 0.9285714285714286,
          "f1-score": 0.9279765174331893,
          "support": 2520.0
        }
      },
      "confusion_matrix": [
        [
          379,
          16,
          1,
          2,
          0,
          5,
          1
        ],
        [
          0,
          392,
          7,
          2,
          0,
          0,
          3
        ],
        [
          0,
          1,
          399,
          0,
          0,
          0,
          0
        ],
        [
          0,
          0,
          0,
          400,
          0,
          0,
          0
        ],
        [
          11,
          5,
          42,
          26,
          313,
          3,
          0
        ],
        [
          1,
          0,
          1,
          0,
          0,
          110,
          0
        ],
        [
          0,
          11,
          40,
          0,
          0,
          2,
          347
        ]
      ]
    },
    "val": {
      "split": "val",
      "n": 136,
      "accuracy": 0.875,
      "per_class": {
        "APAGA": {
          "precision": 1.0,
          "recall": 0.7619047619047619,
          "f1": 0.8648648648648649,
          "support": 21
        },
        "CERRADURA": {
          "precision": 0.84,
          "recall": 1.0,
          "f1": 0.9130434782608695,
          "support": 21
        },
        "ENCIENDE": {
          "precision": 0.6470588235294118,
          "recall": 1.0,
          "f1": 0.7857142857142857,
          "support": 22
        },
        "LUZ": {
          "precision": 0.9565217391304348,
          "recall": 1.0,
          "f1": 0.9777777777777777,
          "support": 22
        },
        "PANEL": {
          "precision": 1.0,
          "recall": 0.6363636363636364,
          "f1": 0.7777777777777778,
          "support": 22
        },
        "RUIDO": {
          "precision": 1.0,
          "recall": 0.8333333333333334,
          "f1": 0.9090909090909091,
          "support": 6
        },
        "VENTILADOR": {
          "precision": 1.0,
          "recall": 0.8636363636363636,
          "f1": 0.926829268292683,
          "support": 22
        }
      },
      "report": {
        "APAGA": {
          "precision": 1.0,
          "recall": 0.7619047619047619,
          "f1-score": 0.8648648648648649,
          "support": 21.0
        },
        "CERRADURA": {
          "precision": 0.84,
          "recall": 1.0,
          "f1-score": 0.9130434782608695,
          "support": 21.0
        },
        "ENCIENDE": {
          "precision": 0.6470588235294118,
          "recall": 1.0,
          "f1-score": 0.7857142857142857,
          "support": 22.0
        },
        "LUZ": {
          "precision": 0.9565217391304348,
          "recall": 1.0,
          "f1-score": 0.9777777777777777,
          "support": 22.0
        },
        "PANEL": {
          "precision": 1.0,
          "recall": 0.6363636363636364,
          "f1-score": 0.7777777777777778,
          "support": 22.0
        },
        "RUIDO": {
          "precision": 1.0,
          "recall": 0.8333333333333334,
          "f1-score": 0.9090909090909091,
          "support": 6.0
        },
        "VENTILADOR": {
          "precision": 1.0,
          "recall": 0.8636363636363636,
          "f1-score": 0.926829268292683,
          "support": 22.0
        },
        "accuracy": 0.875,
        "macro avg": {
          "precision": 0.9205115089514067,
          "recall": 0.8707482993197279,
          "f1-score": 0.8792997659684526,
          "support": 136.0
        },
        "weighted avg": {
          "precision": 0.9111674439596811,
          "recall": 0.875,
          "f1-score": 0.8756529490482456,
          "support": 136.0
        }
      },
      "confusion_matrix": [
        [
          16,
          4,
          1,
          0,
          0,
          0,
          0
        ],
        [
          0,
          21,
          0,
          0,
          0,
          0,
          0
        ],
        [
          0,
          0,
          22,
          0,
          0,
          0,
          0
        ],
        [
          0,
          0,
          0,
          22,
          0,
          0,
          0
        ],
        [
          0,
          0,
          7,
          1,
          14,
          0,
          0
        ],
        [
          0,
          0,
          1,
          0,
          0,
          5,
          0
        ],
        [
          0,
          0,
          3,
          0,
          0,
          0,
          19
        ]
      ]
    },
    "test": {
      "split": "test",
      "n": 136,
      "accuracy": 0.9264705882352942,
      "per_class": {
        "APAGA": {
          "precision": 0.9523809523809523,
          "recall": 0.9523809523809523,
          "f1": 0.9523809523809523,
          "support": 21
        },
        "CERRADURA": {
          "precision": 1.0,
          "recall": 0.9545454545454546,
          "f1": 0.9767441860465116,