{
  "accuracy": [
    0.21694529056549072,
    0.30889058113098145,
    0.33966565132141113,
    0.40159574151039124,
    0.4464285671710968,
    0.4855623245239258,
    0.5307750701904297,
    0.5490121841430664,
    0.5809270739555359,
    0.6048632264137268,
    0.6322188377380371,
    0.661854088306427,
    0.6747720241546631,
    0.6816109418869019,
    0.7002279758453369,
    0.7310030460357666,
    0.7275835871696472,
    0.7454407215118408,
    0.7575987577438354,
    0.7606382966041565,
    0.7914133667945862,
    0.7849544286727905,
    0.792553186416626,
    0.8009118437767029,
    0.8088905811309814,
    0.8073708415031433,
    0.811170220375061,
    0.8259878158569336,
    0.8195288777351379,
    0.832446813583374,
    0.8335866332054138,
    0.8183890581130981,
    0.8202887773513794,
    0.8309270739555359,
    0.8335866332054138,
    0.8419452905654907,
    0.8313069939613342,
    0.8419452905654907,
    0.8389057517051697,
    0.8461246490478516,
    0.848024308681488,
    0.8476443886756897,
    0.8434650301933289,
    0.8556231260299683,
    0.8449848294258118,
    0.8563829660415649,
    0.8529635071754456,
    0.8514437675476074,
    0.859422504901886,
    0.8609422445297241,
    0.859422504901886,
    0.8601823449134827,
    0.863601803779602,
    0.8571428656578064,
    0.8605623245239258,
    0.859422504901886,
    0.8605623245239258,
    0.8712006211280823,
    0.8696808218955994,
    0.8628419637680054,
    0.8677811622619629,
    0.8727203607559204,
    0.8605623245239258,
    0.8655015230178833,
    0.865121603012085,
    0.8814589381217957,
    0.8708206415176392,
    0.8746200799942017,
    0.8761398196220398,
    0.8712006211280823,
    0.8689209818840027,
    0.8852583765983582,
    0.8829787373542786,
    0.8727203607559204
  ],
  "loss": [
    2.0998623371124268,
    1.7898519039154053,
    1.6534991264343262,
    1.5387474298477173,
    1.419734001159668,
    1.3674746751785278,
    1.2368452548980713,
    1.1737478971481323,
    1.1197474002838135,
    1.0759167671203613,
    1.010660171508789,
    0.9329500794410706,
    0.8995447754859924,
    0.8856258392333984,
    0.8388465046882629,
    0.7838782072067261,
    0.7727476358413696,
    0.7460269927978516,
    0.7112401723861694,
    0.6811392307281494,
    0.6177340149879456,
    0.6315920352935791,
    0.6059495210647583,
    0.6119524240493774,
    0.5887665748596191,
    0.5757645964622498,
    0.5616128444671631,
    0.5327761173248291,
    0.5315974950790405,
    0.5075867176055908,
    0.5080809593200684,
    0.517488956451416,
    0.5214294791221619,
    0.4989638030529022,
    0.4943552613258362,
    0.47654983401298523,
    0.4888293743133545,
    0.4856906533241272,
    0.48754218220710754,
    0.4711291790008545,
    0.4798594117164612,
    0.46869638562202454,
    0.4774893522262573,
    0.44705134630203247,
    0.45123857259750366,
    0.44192779064178467,
    0.45722129940986633,
    0.45356065034866333,
    0.43208181858062744,
    0.4284721910953522,
    0.4298446476459503,
    0.4142729640007019,
    0.4172440767288208,
    0.4299338757991791,
    0.4131532907485962,
    0.42337021231651306,
    0.4300810694694519,
    0.4064994752407074,
    0.3987218141555786,
    0.42559489607810974,
    0.4105764329433441,
    0.3982149362564087,
    0.4193042516708374,
    0.40758016705513,
    0.41103294491767883,
    0.38157781958580017,
    0.4002353847026825,
    0.3996572196483612,
    0.3860292434692383,
    0.40254876017570496,
    0.3949175775051117,
    0.384541392326355,
    0.4043882489204407,
    0.392301470041275
  ],
  "val_accuracy": [
    0.1619718372821808,
    0.26056337356567383,
    0.21830986440181732,
    0.30985915660858154,
    0.48591548204421997,
    0.28169015049934387,
    0.2112676054239273,
    0.23239436745643616,
    0.39436620473861694,
    0.3661971688270569,
    0.47887325286865234,
    0.47183099389076233,
    0.6338028311729431,
    0.3380281627178192,
    0.43661972880363464,
    0.40140846371650696,
    0.47887325286865234,
    0.5422534942626953,
    0.6126760840415955,
    0.6126760840415955,
    0.6690140962600708,
    0.3309859037399292,
    0.3309859037399292,
    0.5422534942626953,
    0.3802816867828369,
    0.591549277305603,
    0.5985915660858154,
    0.5563380122184753,
    0.6126760840415955,
    0.5985915660858154,
    0.6338028311729431,
    0.7323943376541138,
    0.6971830725669861,
    0.5563380122184753,
    0.7253521084785461,
    0.7394366264343262,
    0.6760563254356384,
    0.6760563254356384,
    0.7394366264343262,
    0.6197183132171631,
    0.5352112650871277,
    0.7112675905227661,
    0.40140846371650696,
    0.6549295783042908,
    0.7112675905227661,
    0.7535211443901062,
    0.7957746386528015,
    0.7042253613471985,
    0.6267605423927307,
    0.7464788556098938,
    0.6830986142158508,
    0.7183098793029785,
    0.7323943376541138,
    0.7746478915214539,
    0.6619718074798584,
    0.6901408433914185,
    0.6690140962600708,
    0.7253521084785461,
    0.7605633735656738,
    0.7042253613471985,
    0.7183098793029785,
    0.7112675905227661,
    0.7112675905227661,
    0.7323943376541138,
    0.7253521084785461,
    0.7112675905227661,
    0.6830986142158508,
    0.7112675905227661,
    0.7112675905227661,
    0.6830986142158508,
    0.7112675905227661,
    0.7253521084785461,
    0.6971830725669861,
    0.7394366264343262
  ],
  "val_loss": [
    1.9359363317489624,
    1.8718572854995728,
    2.118281364440918,
    1.90434992313385,
    1.550206184387207,
    1.854219913482666,
    2.2956886291503906,
    2.0591039657592773,
    1.4861420392990112,
    1.4659217596054077,
    1.7955894470214844,
    1.2318220138549805,
    1.2783282995224,
    3.4526097774505615,
    2.193189859390259,
    2.5804193019866943,
    1.9197652339935303,
    1.8947556018829346,
    1.2794820070266724,
    1.2965660095214844,
    0.9596602916717529,
    2.5447864532470703,
    2.721928596496582,
    2.0066821575164795,
    2.3199007511138916,
    1.1816484928131104,
    1.2137386798858643,
    1.4026226997375488,
    1.2617658376693726,
    1.1744111776351929,
    1.01347815990448,
    0.8668223023414612,
    0.8317261338233948,
    1.5472831726074219,
    0.8367779850959778,
    0.7208447456359863,
    1.0309631824493408,
    0.9517266750335693,
    0.7479071021080017,
    1.1493698358535767,
    1.5224581956863403,
    0.8543484807014465,
    2.1029372215270996,
    1.1349678039550781,
    0.9310305118560791,
    0.8061434030532837,
    0.6469939351081848,
    1.0375043153762817,
    1.3299046754837036,
    0.7437278628349304,
    0.856858491897583,
    0.9792194366455078,
    0.823609471321106,
    0.6341773271560669,
    1.1053780317306519,
    1.0992943048477173,
    1.1037498712539673,
    0.8510375618934631,
    0.7249261736869812,
    1.0135915279388428,
    0.9878319501876831,
    0.932187020778656,
    0.9094609022140503,
    0.8360066413879395,
    0.8625389337539673,
    0.9734968543052673,
    1.0773695707321167,
    1.0046969652175903,
    0.9927016496658325,
    1.0944170951843262,
    0.9200718998908997,
    0.9432340860366821,
    1.0847134590148926,
    0.959624171257019
  ],